Driver Name,Truck ID,Trips Completed,Total Hours Driven,Safety Score,Harsh Braking Events,Over-Speeding Events,Excessive Idling Mins,Late Deliveries,Fuel ECO Rating
Abigail Shaffer,TRK-ACT-24,199,2442.2,93,10,15,1408,5,A - Excellent
Allison Hill,TRK-ACT-38,210,2345.6,60,50,64,5601,22,C - Average
Angelica Tucker,TRK-ACT-11,214,2336.0,89,22,21,2018,5,A - Excellent
Angie Henderson,TRK-ACT-40,215,2474.9,78,41,36,3482,13,A - Excellent
Anthony Humphrey,TRK-ACT-37,218,2564.6,75,33,38,3896,20,B - Good
Anthony Rodriguez,TRK-ACT-45,207,2480.3,85,30,23,2220,12,A - Excellent
Brian Ramirez,TRK-ACT-06,215,2781.3,81,24,29,3103,14,A - Excellent
Brittany Farmer,TRK-ACT-16,213,2216.3,55,77,50,6457,26,D - Poor
Carla Gray,TRK-ACT-08,215,2555.2,85,27,23,2463,13,A - Excellent
Cassandra Gaines,TRK-ACT-09,210,2728.5,88,20,24,2134,7,A - Excellent
Connie Lawrence,TRK-ACT-14,209,2288.4,75,45,37,3711,12,B - Good
Cristian Santos,TRK-ACT-25,201,2095.6,94,15,9,1207,6,A - Excellent
Daniel Wagner,TRK-ACT-46,197,2031.3,69,55,36,4185,19,C - Average
Debra Davidson,TRK-ACT-36,201,2151.4,89,20,20,1833,8,A - Excellent
Derek Zuniga,TRK-ACT-30,218,2650.6,81,33,31,3028,12,A - Excellent
Dylan Miller,TRK-ACT-31,192,2160.1,79,33,30,3095,6,A - Excellent
Elizabeth Fowler,TRK-ACT-19,192,2577.3,87,21,15,2090,7,A - Excellent
Ethan Adams,TRK-ACT-42,200,2277.2,54,66,57,5976,35,D - Poor
Fred Smith,TRK-ACT-03,392,4153.5,81,60,39,4896,18,A - Excellent
Gabrielle Davis,TRK-ACT-17,234,2628.5,89,27,12,2167,5,A - Excellent
Gina Moore,TRK-ACT-32,215,2274.0,72,44,34,4320,17,B - Good
Holly Wood,TRK-ACT-27,215,2800.2,76,40,31,3711,15,B - Good
James Ferrell,TRK-ACT-43,203,2400.6,74,41,25,3633,20,B - Good
Jamie Arnold,TRK-ACT-10,212,2095.4,73,44,40,3988,19,B - Good
Jeffrey Chavez,TRK-ACT-15,218,2444.9,68,56,36,4747,15,C - Average
Judy Baker,TRK-ACT-23,199,2740.1,94,16,16,1315,2,A - Excellent
Justin Baker,TRK-ACT-50,374,4033.9,51,120,93,10966,40,D - Poor
Lisa Hensley,TRK-ACT-48,395,4700.6,57,107,97,9661,40,C - Average
Lisa Jackson,TRK-ACT-41,220,2678.3,63,70,43,5558,19,C - Average
Margaret Hawkins DDS,TRK-ACT-12,210,2312.2,80,29,33,2993,18,A - Excellent
Matthew Foster,TRK-ACT-35,218,2625.5,70,55,37,4534,25,B - Good
Michele Williams,TRK-ACT-39,209,2426.4,70,55,42,4596,13,B - Good
Monica Herrera,TRK-ACT-18,221,2477.6,73,50,38,4155,13,B - Good
Nathan Maldonado,TRK-ACT-05,208,2455.6,88,23,23,2163,7,A - Excellent
Noah Rhodes,TRK-ACT-21,210,2395.8,68,61,50,4476,24,B - Good
Patty Perez,TRK-ACT-28,206,2838.3,72,45,40,4076,13,B - Good
Paula Moreno,TRK-ACT-13,205,2551.4,73,56,34,3875,17,B - Good
Philip Cannon,TRK-ACT-34,208,2553.2,70,54,42,4121,22,B - Good
Rebecca Henderson,TRK-ACT-01,391,4544.1,77,62,54,5357,23,A - Excellent
Ryan Munoz,TRK-ACT-33,207,2298.4,68,47,55,4646,17,C - Average
Sherri Baker,TRK-ACT-26,207,2267.4,73,56,31,3957,13,B - Good
Sherry Decker,TRK-ACT-07,214,2198.2,80,27,23,3349,12,A - Excellent
Stephanie Ross,TRK-ACT-20,207,2545.0,82,29,18,2983,11,A - Excellent
Tommy Walter,TRK-ACT-22,195,2233.8,94,11,7,1136,6,A - Excellent
Tricia Valencia,TRK-ACT-29,198,2110.9,77,30,40,3340,14,B - Good
Zachary Hicks,TRK-ACT-44,201,2417.5,81,36,25,2850,12,A - Excellent
